gutenberg_id,text
996,day were happier than those who remained alive and victorious) I alone
996,"‘There is good luck as well as bad luck in suits,’ applies. Thou, who,"
996,"mule; I made him saddle it for me, mounted without bidding him"
996,and they would explain all to him.
996,"shock he received, and had I time to tell you of it I know your worship"
996,"señor,” said Sancho, “there’s no enchantment here, nor anything of the"
996,"doubt, lies the essence of this miracle.”"
996,Happy and fortunate were the times when that most daring knight Don
996,"At the sound of his piteous cry and of the stroke of the cruel lash,"
996,would keep from sleeping; not in opposition to my will?”
996,"“If any handsome woman come to seek justice of thee, turn away thine"
996,it has been already given it is not inserted here; and then he took out
996,that I am now labouring under that infirmity which women sometimes
996,God in the course of such rapid work as this; it would have been better
996,"“Marvel not at that, Sancho my friend,” said Don Quixote; “for let me"
996,"archbishop. He, however, would not be anything but an emperor; but I"
996,"Courteous, Distinguished, Elegant, Fond, Gay, Honourable, Illustrious,"
996,"I’ll keep from braying, but not from saying that knights-errant fly and"
996,much so that in spite of yourselves my beauty leads you to love me; and
996,Melisandra and Señor Don Gaiferos were now in France and with their own
996,"and the name of the cosmographer Ptolemy, and said he, “Thou must know,"
996,"to quit his master and return home, even though he forfeited the wages"
996,"in some others that have been written by certain gifted poets, to their"
996,in Rome Saint Peter’s needle. The emperor Hadrian had for a tomb a
996,"there he remained asleep until the return of Anselmo, who finding"
996,of our first mother that without compulsion yielded from every portion
996,“If you did not pique yourself more on your dexterity with those foils
996,"nor pursue him, or ye will have to reckon with me in battle!” and"
996,"And if this story does not suit him, you may, dear reader, tell him"
996,"Don Quixote then wiped himself, and took off his helmet to see what it"
996,"Sancho, I would have thee tell me all that has come to thine ears on"
996,"her in her own proper form, and then Sancho will be disabused of the"
996,of thine ought to be a madman.”
996,"said, “At any rate your tears will not allow me to keep my oath; live,"
996,the hole tied the other end very firmly to the bolt of the door of the
996,"positively asserted, holding him captive, gave him more than two"
996,"Don Quixote’s tears are on the flow,"
996,"“You will be glad too,” said the page, “when you see the bundle there"
996,"from El Toboso! I asked Montesinos if he knew them, and he told me he"
996,"saw was a country wench, and I set her down to be a country wench; and"
996,CHAPTER XXX.
996,HAPPENED DON QUIXOTE ON HIS WAY TO BARCELONA 
996,"entered the closet, and the instant she set foot within it Camilla"
996,"aware of or have given any cause for his wife’s failure in her duty, or"
996,"rich, and lends him money, and is constantly going security for his"
996,"condition I have described, to the misery I am in at present. The truth"
996,"they conducted him into another room, where there was a sumptuous table"
996,Full Size
996,or else that I may avenge you for the injury that has been inflicted
996,"“All that is true,” returned Don Quixote, “but we cannot all be friars,"
996,"had given it to him; however, with his hunger and his conserve he"
996,"    “Thine till death,"
996,"came up to the inn with a laborious gallop, and finding it shut went"
996,"appearance; above his helmet fluttered a great quantity of plumes,"
996,"her own battle and that of the rest of the duennas, so as to crush the"
996,"me, señor, do you mean to travel all that way for nothing, and to let"
996,to do with this man? For they are still in doubt and perplexity; and
996,"prize if they could, fearing that if they put us ashore first, we"
996,me of returning to see my Luscinda. With this thought and wish I
996,"be hyperboles piled on hyperboles! On foot, alone, undaunted,"
996,"the deepest black, the skirt of which was of prodigious dimensions."
996,"more, if I ventured to say, perhaps I should stir up envy in many a"
996,would at once sally forth in quest of the offenders; and he said so to
996,"prove, not only to those here present, but to all the world, that there"
996,raises up the fallen and makes rich the poor.”
996,"have won some kingdom that has others dependent upon it, which will be"
996,highest degree at having won a victory over such a valiant knight as he
996,"line, or where this mouth or this occiput is that thou talkest of, when"
996,"him, and to whom God has given it, may St. Peter add his blessing.”"
996,returned from service as a soldier in Italy and divers other parts. A
996,end. Now tell me if you are willing to follow out my idea and advice as
996,"“I can tell you, niece,” replied Don Quixote, “if these chivalrous"
996,"be my master Don Quixote of La Mancha; nay, from the tone of the voice"
996,It is all courtesy and politeness in this house; but with the
996,"their honour and good name to my virtue and rectitude alone, and bade"
996,way highly spiced.”
996,"señora, it is mighty great! And it so happened we came by where the"
996,to you and put him where you choose; but for the present make up your
996,"They asked him whither he meant to direct his steps. He replied, to"
996,there. I dare to dirty your helmet! You have guessed the offender
996,"this was a regular knight-errant’s mishap, and entirely, he considered,"
996,"“It is enough that God understands me, wife,” replied Sancho; “for he"
996,"It is this sort of talk, and what Sancho says lower down, that made the"
996,wherewith they went as bravely and becomingly decked as our Court dames
996,"meant. “Here, in the name of the king and justice!” he cried, “this"
996,"raising her up by the hand he led her to a seat beside the duchess, who"
996,"instituted, and the amour of Don Lancelot of the Lake with the Queen"
996,could get over by arranging with a Tagarin Moor to go shares with him
996,"“That is all very well,” said Sancho, “but the order must needs be"
996,"who sends him presents and writes to him? Because we, although we have"
996,almost on top of him fancied he had the nightmare and began to
996,look forward to from her restoration be no longer deferred.”
996,CHAPTER XXXVII.
996,"rest and covered by his buckler, he charged at Rocinante’s fullest"
996,CHAPTER
996,made use of to this goat when I came up just now; for as she is a
996,superstitious as others his abject fear would cause me some little
996,"imitation of Don Quixote and Rocinante, the devil made off on foot to"
996,"wretched life to a close; here, in memory of misfortunes so great, he"
996,Full Size
996,"“For that very reason,” said Don Quixote, “I will not set foot in"
996,"mid-sea, and the night about three hours spent, as we were running with"
996,along from hand to hand and from bench to bench with such rapidity that
996,"Of his burial-place nothing is known except that he was buried, in"
996,the order of knighthood.
996,"to the instructions, and to bring back an answer as good as the one he"
996,ass never gave them an answer or even the sign of one. How could the
996,"doubt it is, why dost thou deceive me, or wherefore seekest thou by"
996,"would have remained unfinished till his death, and that we should have"
996,to which Leonela answered that she did not know how to tell a lie even
996,"substitute for him a Gascon lacquey, named Tosilos, first of all"
996,imagination was so wrought upon by the adventure he was going to
996,p019.jpg (339K)
996,"their mouths, and all eyes fixed on heaven just as if they were taking"
996,"therefore suffered any indignity; for the arms those men carried, with"
996,"attain the desired end are justifiable, provided they be not to the"
996,"thine six smocks of mine which I bestow upon thee, to make as many"
996,labours Homer presents to us a lively picture of prudence and patience;
996,committed;” and with that he gave orders to have the two Turks who had
996,‘thou canst have no revenge of a man of substance.’”
996,"that he asks in consideration of all he promises, and so he goes on to"
996,"I will be content with any squire that comes to hand, as Sancho does"
996,DROLLMATTERS 
996,"Quixote farewell, pretending to weep with grief at his misfortune; and"
996,"that was not far from the green meadow. Sancho followed on Dapple,"
996,new air.”
996,"moment, in a gorge on the mountain that opened where they stood, the"
996,and the rest of it?”
996,madness and of the stratagem they had made use of to withdraw him from
996,charges.”
996,"about the garden did the same, with such demonstrations of wonder and"
996,"there they would at once raise the country and stir up the city, and"
996,than to have put beards on them? I’ll bet they have not the means of
996,"“Thou art in the right of it, Sancho,” said Don Quixote; “and the"
996,"of me.’ ‘If that,’ said this disloyal gentleman, ‘be the only scruple"
996,they had received from seeing Don Quixote in such a plight.
996,"“I know not from what,” replied the friend, “for Altisidora is the"
996,it is told him that the princess is indisposed and cannot receive a
996,which thou hast entered and from which thou wouldst have me extricate
996,he was. The curate charged his niece to be very careful to make her
996,"Roca had deceived her, and under promise of marrying her had induced"
996,"summed up in one, the whole host of knights that have ever borne arms"
996,see for what an empty and ill-advised curiosity thou wouldst rouse up
996,"what ailed him, he gave him for reply the same words and phrases that"
996,return.’”
996,"beheld and was amazed at all, and already felt that what he had seen"
996,"purpose, or none at all, until from pure weariness they left off. They"
996,"pearls upon her golden locks with the heat of his fervent rays, when"
996,"Quixote with open arms, declaring him to be the best knight that had"
996,"coat, and coming out to the gateway of the hostelry, which was wide and"
996,"much or little; for the hen will lay on one egg, and many littles make"
996,"governor of an island, especially as my master may win so many that he"
996,"horror-stricken, not knowing how willingly she had placed herself in"
996,"that delude my master, and lead him astray, and take him tramping about"
996,"The traveller drew rein, amazed at the trim and features of Don"
996,it.
996,"Meanwhile Don Quixote worked upon a farm labourer, a neighbour of his,"
996,"ingenuity of the vast fabric and its wonderful architecture, and when"
996,"very well pleased at having paid nothing and carried his point, though"
996,"against the peerless Dulcinea. Know you not, lout, vagabond, beggar,"
996,"“Be not distressed, friend,” said Don Quixote, “for I will now make the"
996,"“Now, Master Andres,” said the farmer, “call on the undoer of wrongs;"
996,confidante in the matter being a damsel much trusted by the princess.
996,"“With all my heart,” said the barber; and not caring to tire himself"
996,"another case, where he saw them correcting a sheet of a book with the"
996,"from the valour or might of any knight-errant, here are mine, which,"
996,help from my neighbours.”
996,"author brought this short chapter to an end and began the next,"
996,lovers-errant: true it is that the verses of the knights of old have
996,IN WHICH IS CONCLUDED AND FINISHED THE TERRIFIC BATTLE BETWEEN THE
996,"Your loving friend,"
996,With comforts that thy providence proclaim.
996,"the relief of digression when he requires it, as freely as in a"
996,"“I would lay a good wager with you, Sancho,” said Don Quixote, “that"
996,their heads from side to side as if in acknowledgment of the pleasure
996,CHAPTER VI.
996,this history should have spoken of me in such a way that what is said
996,that your worship takes three hackneys—or whatever they’re called—as
996,"stand without budging for a whole century. Finding himself fast, then,"
996,"out by borrowings from Phillips, whose mode of treatment it adopts. It"
996,"to move less slowly than hitherto. The millers belonging to the mills,"
996,since all the impossible and fanciful attributes of beauty which the
996,"I know not how it can be made out that I am of royal lineage, or even"
996,"“Therefore, I say,” said he of the Grove, “let us give up going in"
996,"will soon see that you are exerting yourself for nothing, and that you"
996,"“Liberality,” that of the second “Largess,” the third “Treasure,” and"
996,achievements as a knight have earned and acquired for him throughout
996,return me mine; for as soon as the business on which they came to court
996,eyes that the earth will one day devour; and perhaps even of those four
996,any chance it should come to its author’s ears that he had it in his
996,your master Don Quixote’s bread that you have eaten; we are all bound
996,WHICH TELLS HOW ADVENTURES CAME CROWDING ON DON QUIXOTE IN SUCH NUMBERS
996,"provide himself with ropes, so that he might be tied and lowered into"
996,"let Rocinante feel the spur, and once more taking leave of Sancho, he"
996,"master Don Quixote, who is here present, will keep me from lying.”"
996,"heard it many and many a time, as well as that other one of the game of"
996,WHO WERE CARRYING OFF DON QUIXOTE 
996,"so closely, shedding such tears of heartfelt joy, that most of those"
996,least in my presence.”
996,"enjoy my incomparable constancy in peace! What would ye with her, ye"
996,"for their genius, great poets, illustrious historians, are always, or"
996,"“Well then,” said Don Quixote, “while we are mounting you can at least"
996,"husband’s flesh, though he, as has been said, may have given no cause"
996,"Who, all for being lean and bon—,"
996,The innkeeper when he saw him go without paying him ran to get payment
996,    And those alforjas thou wast wont to stuff
996,"march up and down in front of the trough, and as he began his march"
996,will take possession of his government that he may discard it for
996,myself am the best judge.”
996,that he brought him to the ground; and had it not been that Dorothea
996,"And so he went on, putting values on ever so many more smashed figures,"
996,    daughter out of thy suit. I sent some acorns to my lady the
996,"follows that you are not enchanted, but hoodwinked and made a fool of."
996,thee nothing to reflect that no one is aware of the misfortune that has
996,revenge.”
996,"“I am going to Granada, señor,” said the gentleman, “to my own"
996,hell should come to attack me.”
996,will.”
996,CHAPTER XIX IN WHICH IS RELATED THE
996,"Vargas by name, having broken his sword in battle, tore from an oak a"
996,"growler, since I entered upon the government of the island they gave"
996,"well know, the histories abound.”"
996,"“Tell me, Anselmo, if Heaven or good fortune had made thee master and"
996,"thee, whether it will be possible for thee to undo what Heaven has"
996,methodical arrangement of the story demands it.
996,"can’t stir the next day. And tell me, is there anyone who can boast of"
996,flap myself when I have a mind.”
996,"Quixote, bracing his shield on his arm, and drawing his sword, advanced"
996,"“Speak respectfully of what belongs to my lady, Sancho,” said Don"
996,p56e.jpg (46K)
996,"him, and with it delivered such a blow on Don Quixote’s breast that he"
996,"from it, and by listening attentively was able to make out that he who"
996,as they are the haunting spirits of the antechambers and watch us at
996,"and sighs from time to time, as if he were still alive?’"
996,"a loud bang, and with the start the noise gave her Doña Rodriguez let"
996,"sentimentalists, the dramatists, and the poets of the period all"
996,"you, and give in to you in this rare accomplishment.’ ‘Well then,’ said"
996,“The princess meant to say that after she had landed at Malaga the
996,shown to him and for having been rescued from the intricate labyrinth
996,and it is enough for an honest man not to be a monster to be an object
996,"who copied it out for me from hearing it, so exactly that he said in"
996,small hours of the morning and skin him alive.”
996,"his finery and jewellery, piece by piece, and discovered that he had"
996,be able to ship off my black vassals and deal with them as I have said;
996,there were pieces of painted serge such as they commonly use in
996,"As he left Barcelona, Don Quixote turned gaze upon the spot where he"
996,"speed to seek his master, and found him sighing and uttering a thousand"
996,"family of the Perlerines? Get out I say, or by the life of my lord the"
996,"behalf as earnestly as they can to forgive me for having been, without"
996,"father, through fear that I should not afford you the aid you need and"
996,"to fix and girth the pack-saddle, which also had slipped under the"
996,who will dare to say and swear that this master of mine is a madman?
996,from the silly things which this worthy gentleman says in connection
996,"you,’ replied the madman. ‘Keep quiet, stay where you are, and you will"
996,"him who is of the opposite opinion come on, for here I await him.”"
996,her own modesty. The wealth of the father and the beauty of the
996,FIELDS WHILE THE YEAR FOR WHICH HE HAD GIVEN HIS WORD WAS RUNNING ITS
996,deep grief and sorrow he left the house; but when he found himself
996,“And how old is this lady that is being bred up for a countess?” asked
996,thanks for the kindness shown him by Don Quixote. He on his part was
996,"well? For so far, if I remember rightly, I have not mentioned it in the"
996,Roland had been poets they would have given the damsel a trimming; for
996,"do you not recollect that a few years ago, there were three tragedies"
996,"lady is that you speak of; show her to us, for, if she be of such"
996,reckoning; for when it comes to the promise of the island we must count
996,him company and furnish him with all he wanted for his own comfort or
996,"the young men, and lauded and even believed by the old folk; and for"
996,"deeds, and that the boys, the instant they see him enter the gate of"
996,"truly are, and not as they appear to me.”"
996,"gave it to the ass, to whom it was not unwelcome, saying to him as if"
996,"still better in what he added when he said, “God knows, I would gladly"
996,When Sancho Panza heard his master say this he was ready to take leave
996,data justify the inference or not.
996,of their fathers-in-law.”
996,"do not immediately strike a reader now-a-days, and Cervantes often"
996,misery of the student is what they themselves call ‘going out for
996,"Montesinos, for you know very well that all comparisons are odious, and"
996,"I will tell you of one of the rarest adventures, or more properly"
996,A miracle of constancy my love;
996,"“May I die,” said the landlord at this, “if Don Quixote or Don Devil"
996,empty and a fool. I am fuller than ever was the whoreson bitch that
996,"the braying town, are going to take the field against another village"
996,a gentleman; though he who played me false is nothing of the kind.”
996,"greater caution in encountering dangers, because his life did not"
996,"perfectly modest, somewhat free in playing tricks for harmless"
996,"Moors in the kingdom of Granada, and his descendants intermarried with"
996,"come home with me, and I will pay him all, real by real.”"
996,"do, not only in giving me life, but in persuading me not to discard my"
996,"thrashed and kicked by Don Fernando, recollected that among some"
996,Full Size
996,"We at once gave the renegade five hundred crowns to buy the vessel, and"
996,"only one fault, that it is like death; for between a sleeping man and a"
996,"of the wine-skins, and the blood being red wine, I make no mistake, as"
996,"“Ah, dear lady of my soul and life! why did you wake me? The greatest"
996,"Don Fernando! robber of my glory, death of my life! What seekest thou?"
996,"miry and slippery, and the fisherman lost a great deal of time in going"
996,"by any further declaration of your passion, compel me to show myself"
996,cut down this towering palm of the fair and liberal arts. Let this new
996,passions that now repose in quiet in the breast of thy chaste wife;
996,"On reaching it the youth threw a pebble up at a grating, and"
996,various Poems.’”
996,"nobody gives me a farthing. Well, I swear by all that’s good if they"
996,knows that at a certain date the house he lives in will be taken from
996,"as he is a valiant and just judge, by Roque, if you do not pay me, he"
996,"valiant deeds, I have this morning seen myself trampled on, kicked, and"
996,what no one could do for him; but so great was the fear that had
996,"degrees are conferred at the universities; but, for all that, the title"
996,"“Eat, Sancho my friend,” said Don Quixote; “support life, which is of"
996,"Sancho’s will, who turned over in his mind the hardships attendant upon"
996,strong point of which is truth rather than dull digressions.
996,"were a certain special charm for sticking on beards, as they would see;"
996,"cloth tied in a larger knot attached to it, and this at a time when, as"
996,had finished Don Fernando recounted what had befallen him in the city
996,"Cæsar, the valiant Roman emperor, what was the best death. He answered,"
996,world; now you will see whether I have got the headpiece to govern a
996,"and was answered that they were going to take ship for Rome, and that"
996,CONTINUES HIS ADVENTURES 
996,"name, and afterwards in the city of Basle with Mosen Enrique de"
996,separated us allowed me. But the night before the unhappy day of my
996,the most delightful and least injurious entertainment that has been
996,"the request the duke made in it, which was that he would send me"
996,took me away to be Grand Turk. My lady the duchess kisses thy hands a
996,"indulge in; like Falstaff’s, they resemble the father that begets them;"
996,"“All this caution of mine, which he must have taken for coyness, had"
996,"were seeking lying asleep by the side of a muleteer, without a thought"
996,"“I will do so, I promise you,” answered Sancho, “and will keep this"
996,dropped the contest at the point at which the voice reached him. The
996,"“No more of that, señor,” returned Sancho; “I own I went a little too"
996,"and small, rich and poor. But if your worship looks into it, you will"
996,"merchant who happened to be in Algiers at the time, and who had me"
996,to anyone that will take it. I left home and wife and children to come
996,more books against me than there are letters in the verses of Mingo
996,"“For all your worship says,” said Sancho, “it is not becoming that"
996,"studies of character, but there is no book richer in individualised"
996,"embarking, though barefooted friars were to beg me.”"
996,for on all others it was a simple trot with him; and with this
996,"for writing in his. But your son, señor, I suspect, is not prejudiced"
996,"a family tradition, his great-grandfather had a share."
996,"who follow that trade) were about to rifle Sancho Panza, but he ordered"
996,"me, however happy, that I would rather have. The patience with which"
996,"very meet for knights-errant to sleep in wastes and deserts, and that"
996,"To this the duchess said, “Sancho, my friend, mind what you are saying;"
996,turn my head to look back upon it; and when I found myself alone in the
996,would have been now well pleased if the proof afforded by Lothario’s
996,"“Thou needst not doubt it, Sancho,” replied Don Quixote, “for in the"
996,for there I can give you more than three hundred books which are the
996,"the son of Bartholomew Carrasco, who has been studying at Salamanca,"
996,Full Size
996,calling as a knight-errant I sought to give aid and protection to those
996,"“Go on, Sancho my friend, and be not disheartened,” said Don Quixote;"
996,"am! now that I am far away, and out of danger, I say I should have done"
996,"your worship would do me the favour to go out to the castle gate, where"
996,"Ungrateful, cruel, coy, and fair,"
996,"overmuch they turn to beasts; control yourself, your worship; be"
996,Of purity and virtue more
996,affection and hunger will drive him to come looking for me to-night;
996,"master, and so, before vomiting, he was seized with such gripings and"
996,"wrong to thee, shall not I, too, be left without honour, and"
996,"of pasteboard which, fitted on to the morion, looked like a whole one."
996,"care to whom thou givest it to read: trust no Moor, for they are all"
996,"buried alive, on an unfortunate disgoverned governor?”"
996,"“What the devil city, fortress, or castle is your worship talking"
996,counsellor. If your son write satires reflecting on the honour of
996,"“Just so,” replied the galley slave, “and the offence for which they"
996,"putting aside the lady of my heart, Dulcinea del Toboso. Wherefore, let"
996,know is I would I had the county as soon as I shall know how to govern
996,"canon’s servants, who kept him from going to his master’s assistance."
996,"her name is, or what did it matter whether that abbot was a friend of"
996,"Straits of Gibraltar by night, or as best he could, and make for La"
996,"Don Quixote was, he folded up the garments, and the curate adjusted his"
996,"flung himself headforemost into the sea, where no doubt he would have"
996,"my town, a very rich one, and one of quality, for he was one of the"
996,For spreading wide his tyranny.
996,lashes on me. These tender-hearted gentry should consider that it’s not
996,p65a.jpg (149K)
996,"would not, therefore, have laid any command upon us that it was"
996,"him, threw himself off with a lurch and brought Rocinante’s saddle"
996,"husband’s letter and another from herself, and also a great string of"
996,misadventure to me would make a good adventure for my master Don
996,"lackeys or equerries, clad in what they call morning gowns of fine"
996,fellow’s story.”
996,"Hamete Benengeli, an Arab historian_.” It required great caution to"
996,"proceed from any deliberate intention, but from some heedlessness such"
996,"Three thousand soldier souls took wing on high,"
996,have such packets?”
996,"the appearance of the book, does not look like general insensibility to"
996,"names they give them, had any such mistresses. Thinkest thou that the"
996,injury I have done thee; for our first impulses are not in our
996,"arrested for setting the galley slaves free, as Sancho had, with very"
996,"‘every ewe to her like,’ ‘and let no one stretch his leg beyond the"
996,"value of the science, and Corchuelo cured of his dogmatism."
996,"my son, and gratify these noble persons, and give all thanks to heaven"
996,"and the answer she got was, “Be very modest.”"
996,there is niggardliness there can be no liberality. Ill betide the
996,discovering some ready remedy for his madness. Carrasco undertook the
996,"use; all he could tell her was to try and stanch the blood, as he was"
996,"untranslated, and therefore he went on to say:"
996,"resolved to hasten their departure, and calling the landlord aside,"
996,and fond of enjoying himself.”
996,Full Size
996,Full Size
996,adornment of thy mind; listen now to those which tend to that of the
996,to the understanding or memory.”
996,"as quick as he could and without stopping, gave himself half a dozen"
996,"housekeeper and niece, whom the news of his arrival had already"
996,"present at the entrance of the Judge with the young lady, and as soon"
996,"in the presence of one as much, or even—but never mind—it only makes it"
996,translator of the history say he considered this chapter apocryphal.
996,"“Would it not be better,” said Zoraida, “to wait for the arrival of"
996,"fashion; for jests that give pain are no jests, and no sport is worth"
996,"the same lordship—will your worship please to pay attention, for the"
996,that my lady the duchess gave me; alter it so as to make a petticoat
996,"heart and does not tally with your reputation. Restore her garters, or"
996,"maravedi, despite and in the teeth of all the clowns in the world. To"
996,when I begot thee! Cursed the luxury and indulgence in which I reared
996,"reached his ear, saying in melancholy tones what will be told in the"
996,"the Don Jeronimo who had been addressed say in reply, “Why would you"
996,Full Size
996,"of that sort are reserved for God alone. What I can give I give you,"
996,odious to me now are all the profane stories of knight-errantry; now I
996,"the deep against his will. And if this seems a trifling risk, let us"
996,"enchanters! O that I could see you all strung by the gills, like"
996,"cause, for, as I have already said, her misconduct was known before her"
996,"wilt see, Cardenio, the disposition the Duke Ricardo has to serve"
996,"speak more civilly; for one bred up among knights-errant, who are"
996,"not know this gentleman, Señor Judge? He is the son of your neighbour,"
996,"her ugliness did your worship; but let us leave it all to God, who"
996,all as far from the truth as falsehood itself is? How can there be any
996,"disposed to listen to him with pleasure the next time, thus availing"
996,"at what he heard from the goatherd, and more eager than ever to"
996,"For fleet of foot is he, I wis,"
996,"furious, above all when he heard him say mockingly, “Thou must know,"
996,"these two here, with their faces covered, are the curate of our village"
996,noontide rest.”
996,"a series of twenty-five questions, covering the whole period of his"
996,who he was and having known him from his birth; and all that he felt
996,Full Size
996,"“I don’t understand those philosophies,” returned Sancho Panza; “all I"
996,"than the wise; and, though it is better to be praised by the wise few"
996,"that Love, taking pity on me, let my recovery rest upon the sufferings"
996,"my power, offer what I can and what I have to offer in my own way; and"
996,"“Then, brother,” I replied, “you can return to your China, post haste"
996,Yanguesans and enchanted Moors.”
996,"to be equalised he said that the other, as he weighed nine stone,"
996,"sent here from hell to tempt me. Why, you villain, I have not yet had"
996,"truth is to be told, I like them both; though I have never seen the"
996,might direct my steps in a better path than I am following at present.”
996,"Quixote; for after all, though in it I eat my bread in fear and"
996,"reverence the preacher, who preached in this town last Lent, and who"
996,"offensive to my chaste ears. I will only say, señora, that whether it"
996,The first person to enter the field and the lists was the master of the
996,venture to its extreme limits. Don Quixote bade his excellence arrange
996,"Though vanquished, yet ye earned the victor’s crown:"
996,"returned him thanks for this service, and they gave the Judge an"
996,    Somewhat below the mean.
996,"master on thy back, and I mounted upon thee, following the calling for"
996,Full Size
996,could not do otherwise than keep his plighted word; and that in doing
996,something different from what we apprehend.” The men on horseback now
996,"was the landlady, because of the promise Cardenio and the curate had"
996,"licence, he effected the _mutatio capparum_, and rigged out his beast"
996,possessed him that this must be some new adventure; and to help him to
996,is true.
996,revive in it the golden or age of gold; I am he for whom are reserved
996,"can against me, ye shall see what the reward of your folly and"
996,insomuch that I think before the time granted us for quitting Spain was
996,"Anselmo was amazed, overwhelmed, and astounded at the words of"
996,"forth, and the body grows restless and all the senses turn quicksilver."
996,"“Longinquous,” replied Don Quixote, “means far off; but it is no wonder"
996,"this encounter and fall, to go to the city of El Toboso and present"
996,"are acted now-a-days, which was in this wise: if those that are now in"
996,"To anyone who knew the country well, the mere style and title of “Don"
996,"here, my lively gentleman, if these, instead of being fulling hammers,"
996,"or adventures and challenges achieved and delivered, also in Burgundy,"
996,"The majordomo kept his word, for he felt it against his conscience to"
996,"absurdities of Don Quixote, who now observed:"
996,"“Be it so, and God be with thee,” said Don Quixote."
996,"league off. The quick travellers came up with the slow, and courteous"
996,"gladly, because any moment an adventure might occur that might win an"
996,"“Ah! friend of my soul,” instantly exclaimed the other shepherdess,"
996,"out, the full force of the penalty had already fallen upon me and upon"
996,"hands, he came down on the Biscayan with such fury, smiting him full"
996,concern.”
996,"came forward to take down the woman who rode on the side-saddle, and"
996,persuade him to give up any such crazy notion. She found him pacing the
996,"and emperors, with my stables filled with countless horses, and my"
996,"and dared not come out of the cage, although he had held the door open"
996,"myself, and no dubbed knight, I can safely take satisfaction for the"
996,"usual and customary in knight-errantry that the knight-errant, who on"
996,"Malta. The following year, which was the year seventy-two, I found"
996,"courteously asked of me, that her name is Dulcinea, her country El"
996,"and Master Pedro said at once, “The ape says that the things you saw or"
996,"Don Quixote now came up with his visor raised, and as he seemed about"
996,"“Go on with thy story, Sancho,” said Don Quixote, “and leave the choice"
996,duke makes good to you the promised gift of the government as soon as
996,lashes thou art bound to lay on for the disenchantment of Dulcinea.
996,further demand upon him.
996,"with great dexterity readjusted and fixed the boards of the castle, and"
996,"translation, but it serves to show the light in which “Don Quixote” was"
996,and shouting that one would have fancied the whole island was going to
996,governor.”
996,is the way to take my life instead of prolonging it.”
996,"The lealest lover time can show,"
996,"said just now before I married; perhaps I’d say now, ‘The ox that’s"
996,"the gentleman is quite right, for ‘as the time so the behaviour;’ when"
996,"devices did not avail him against Bernardo del Carpio, who knew all"
996,"“I tell you,” said Camilla, “there is nothing to take care of except to"
996,"question at once and correctly; the others he answered by guess-work,"
996,"one to be the peerless Dulcinea del Toboso, and the other two those"
996,"_í_ they end with. I mention this incidentally, the chance allusion to"
996,"“As my fate has so willed it,” said the bachelor, “I entreat you, sir"
996,"who were going forth from other villages, for he knew their language"
996,READ TO HIM WILL HEAR
996,"ADVENTURE, THAT HAPPENED DON QUIXOTE"
996,made itself plainer and told me more.”
996,of many valiant men who have reserved themselves for better times; the
996,"louder, and the danger is pressing.”"
996,"God bless me, gentle (or it may be plebeian) reader, how eagerly must"
996,"Quixote, in pure courtesy and politeness, held the rein of her palfrey,"
996,"screaming, her daughter was wailing, Maritornes was weeping, Dorothea"
996,where he was; to which one of his servants replied that the sumpter
996,"excuses for her, saying it was no wonder that a young girl in the"
996,"distributed among all the other women in the world. It is true, and I"
996,"speaking of Don Fernando, who, like a gentleman of his rank, was very"
996,"likely, a blind attachment, has led to mate himself below his rank."
996,knight-errant dying in his bed so calmly and so like a Christian as Don
996,laid them open like a pomegranate; and at this so critical point the
996,knight-errant have completely puzzled my mother and me.”
996,"vassals?” returned Teresa Panza—for so Sancho’s wife was called, though"
996,The blind man of his wine he cheat—.
996,"mind are greater than those of the body, and that arms give employment"
996,Full Size
996,"quiet country gentleman into a knight-errant), “who has brought your"
996,"more, that the majority of the world are of opinion that there never"
996,"of this lady princess, for they have a list of all the people of El"
996,IN LAUDEM DULCINEAE DEL TOBOSO
996,things that your worship says; and from them I begin to suspect that
996,"till it has come to nought, like the point of a pyramid, which,"
996,"had, and that he was an honest fellow; I asked her too about the galley"
996,"promises, that on the first opportunity that presented itself I should"
996,"themselves, deceived by the hope which makes them fancy that with a"
996,her harder than a cork tree; and with her sweet and honeyed answer I
996,that she adored me; for the wrath of lovers always ends in curses. I
996,"place in an attempt to represent Cervantes, than a flippant, would-be"
996,"to reach it, and into it Sancho entered with all his team without any"
996,"taste is for freedom, and I have no relish for constraint; I neither"
996,the kind!”
996,some paltry squire? I carry a better larder on my horse’s croup than a
996,"all the formalities such messages require; rise up, for it is not right"
996,disposed to do good to all and harm to none.”
996,"to say or do. He fancied that all was a dream, that the whole business"
996,"only to look out for some book that quotes them all, from A to Z as you"
996,"and her damsels are no way behind her, for they all fly like the wind;”"
996,CHAPTER LXIX.
996,wherein by their felicity they leave it in doubt which is the
996,"preserved, cities protected, roads made safe, seas cleared of pirates;"
996,"inconsistent with the order of chivalry he professed, so he determined"
996,"need for me to be in a hurry to saddle Rocinante, put the pad on the"
996,"their majordomo returned the same day, and gave them a minute account"
996,“The command was one that exposed me to the temptation of disobeying
996,"orange trees, and the duenna who is keeping watch for them half dead"
996,"to be attended will be something rare and out of the common, for it"
996,your wrong and not give this wicked man the chance of entering the
996,"“You speak like a man of sense,” said the curate, “and you will be"
996,never gives me a moment’s ease;” and again he fell to weeping as
996,more to Don Quixote’s satisfaction than Sancho’s.
996,"been described. The bachelor Samson Carrasco, he says, not forgetting"
996,booby?”
996,the damsel once more ensconced herself within; and with this the dance
996,"“Thou art a great philosopher, Sancho,” said Don Quixote; “thou"
996,CHAPTER XVI.
996,"came out to see her, and she begged them all to commend her to God and"
996,"there; I say green silk, because the stockings were green."
996,of grief if we marry her; for I have my suspicions that she is as eager
996,"true; so, as thou livest, pray sit down and sing that ballad about thy"
996,"of a sudden surrounded them, and in the Catalan tongue bade them stand"
996,"satisfied with what had taken place, as he considered he had made a"
996,"style and ingenious invention, aiming at the truth as much as possible,"
996,over the wall of the yard or dismount from your horse came of something
996,"you tell me, worthy friend, and God speed you, whereabouts here is the"
996,"blocks that we will live in spite of them, and in great houses too,"
996,"“What your dress would hide, señora, is made known to us by your hair;"
996,"“If, my lord, the beams of that sun that thou holdest eclipsed in thine"
996,him sorely battered to the ground.
996,"Ravena, or the bachelor in Salamanca? The devil, the devil and nobody"
996,imagining that it came from his Luscinda burst forth in terror from the
996,"please my wife, who, when she sets herself to press a point, no hammer"
996,"right, and always will be in all he says; he is clean, and, as he says"
996,CHAPTER LIV WHICH DEALS
996,consistent acting of Leonela. He reflected how convinced Anselmo would
996,and so he went on adding link after link to the chain with which he was
996,enchantment under which he had been for almost nine hundred years.’ So
996,"story, but went on in these words:"
996,but to stand upright or pull his hand off. Then it was he wished for
996,"“No doubt of that,” replied Don Quixote; “but it often happens that"
996,before he had made an end of pledging himself I bade him consider well
996,p64b.jpg (344K)
996,"Meanwhile “Don Quixote” had been growing in favour, and its author’s"
996,"Altisidora, did she weep over my absence, or has she already consigned"
996,were already starting and whose eyes and heart were following his
996,"presence of the duke and duchess, he sprang to his feet with angry"
996,"the fair Princess Micomicona had turned into Dorothea, and the giant"
996,so by his own roguery and the bad opinion people have of tailors; and
996,"Christians’ vessel could have returned. I determined, therefore, to go"
996,I found him so wrapped up in that of poetry (if that can be called a
996,"ancient stones, the mighty bulls of Guisando, an enterprise that might"
996,"was requisite for the journey ready, and procure a closed helmet, which"
996,result of the consultation would be a resolve to undertake a third
996,"that moment calm and quiet, the licentiate said to him, ‘Brother, think"
996,"“She is not very bad,” replied Sancho; “but she is not very good; at"
996,"the singer, all contributed to the wonder and delight of the two"
996,"seemed personified in her. On her left hand she bore a hawk, a proof to"
996,did I not urge and persuade this knight not to keep the might of his
996,"ill-conditioned, he alone was affable and well-bred. But above all he"
996,"discovered at the fountain, and the intelligence the shepherd gave him"
996,the rogue in me; but all is covered by the great cloak of my
996,"“There is nothing to be learned from that rhyme,” said Sancho, “unless"
996,"account of everything that went on there, without having ever stirred"
996,"care of, as it was plain to see he had been badly treated and worse"
996,"“What did you run for, fellow?” said Sancho."
996,"turning to me with her eyes full of tears she said, “Tameji, cristiano,"
996,"at the first village where there is a blacksmith, and in such style"
996,"“As the gentleman asked me, I could not help answering him,” said the"
996,put underground the prince travels by as narrow a path as the
996,"to retire to rest, and to be given writing materials. His wish was"
996,after embracing Don Quixote and Sancho (to whom he presented the ten
996,"good advice that had been offered to him, by stooping down and"
996,panics and fancies; and let what I now say be a notice that from this
996,"whole of that history, as long as it is truthful? From all I have said"
996,already seen of the novice knight’s prowess kept their laughter within
996,"love, as I have heard say, sometimes flies and sometimes walks; with"
996,"have been the employment of my lady when thou sawest her, only that the"
996,"could fixed the tube where, by blowing, he made the dog as round as a"
996,"as well as the madness of Don Quixote. He, on his part, resolved to go"
996,"“You are very right, friend,” said the curate; “but for all that, if"
996,    an object of pity to anyone.
996,"mouth of Fame? Now, there can be no doubt that this art and calling"
996,duchess supposed it must be some joke their servants were playing off
996,"master mine, the ills of others hang by a hair; every day I am"
996,"“I will prevent it,” said the gentleman; and going over to Don Quixote,"
996,a deer and sped away across the plain faster than the wind.
996,was he wanted of me. One of the signs he used to make me was to link
996,"At this her father laughed very heartily and said, “By Allah,"
996,"himself behind his ass, and with him sheltered himself from the"
996,"to do all I enjoined, specified, and required of him? Answer without"
996,"at the capital to examine all plays before they were acted, not only"
996,"or ravine at hand down which to fling the master and cure his passion,"
996,"of them had overtaken as he ran away from his sister, now fully"
996,"“No,” said the niece, “there is no reason for showing mercy to any of"
996,judgment like a canon! But I’ll be bound the fat man won’t part with an
996,"face, and those who were watching him had an opportunity of seeing a"
996,"The one paid down the money and the other took it, and the latter"
996,"and they were all Panzas, without any Dons or Doñas tacked on; I"
996,Moors of Barbary were upon him; and plunging with marvellous swiftness
996,"ten gold-crowns. All were filled with amazement, and looked upon their"
996,"not with the proper amount of prudence, and my self-confidence has"
996,Zoraida; to all which the Judge gave such an attentive hearing that he
996,so much afraid was he of the strokes which still resounded with a
996,"press the saddle of Rocinante, as this shoulder is all knocked to"
996,know if the señor licentiate has anything more to tell about the story
996,"them. The landlady, when she saw her husband engaged in a fresh"
996,"“Friend Sancho,” said the duke at this, “the island that I have"
996,object well-ordered governments have in view when they permit plays to
996,beauty as in condition; Helen approaches her not nor does Lucretia come
996,"    Of cold Don Quixote’s cruelty hath been,"
996,who chose to be squire to such fools as all the knights-errant of past
996,"seeing him going about in this guise, as it was binding upon him in"
996,he be unsaddled; and let us go to put my offer into execution; for with
996,"recognise him, and after having stared at him for some time he hastened"
996,"does not deserve to be blamed for the poison it carries, as it is a"
996,"came on against him, darting fire from his eyes, as the saying is. The"
996,"nose, mouth, and ears, reeling as if about to fall backwards from his"
996,"see the world, or at least the town where I was born, and it did not"
996,"a great variety of things, but all bearing on the calling of arms and"
996,for the vast toil which it has cost him in examining and searching the
996,"bigger than those of a dyer’s shop, served for cooking fritters, which"
996,who came to her house.
996,"which I hold devoted to Dulcinea, whom thou art wronging by thy"
996,"especially that one that says, ‘Where one door shuts, another opens.’ I"
996,"proceeded to take a little more distance, as he saw his antagonist was"
996,the musket. The other guards stood thunderstruck and amazed at this
996,"time to come to be an emperor, as he said, or at least an archbishop or"
996,encountering your adversary.”
996,"unexpected event, but recovering presence of mind, those on horseback"
996,"Therein consists, so wise men deem,"
996,"Don Antonio reported to the viceroy what Carrasco told him, and the"
996,if this was a usual ceremony with those who came on board the galleys
996,his heart a certain Dulcinea del Toboso?”
996,scrupulous care he has taken to set before us all its minute
996,"ailment comes entirely of idleness, and the cure for it is honest and"
996,"if all this fail, thy own conscience will not fail to lift up its"
996,players of Angulo el Malo’s company; we have been acting the play of
996,praise; and moreover it is to be observed that it is not with grey
996,"God and plying the hammer,’ and that ‘one “take” is better than two"
996,"“Señor Samson, I am not in a humour now for going into accounts or"
996,As ever wrote on brass in days of yore;
996,"solitudes, cursing my fate, and idly calling on the dear name of her"
996,some of the noblest families of the Peninsula and numbered among them
996,"young girl who was washing stood up and said, “Teresa Panza is my"
996,"sense to enable him to govern, and valour to attack and defend himself,"
996,"student’s case with poverty and its accompaniments, let us see now if"
996,The next day they reached the place where Sancho had laid the
996,"with a pair of mules approaching the spot where they stood, and from"
996,"the chivalry romances was not the work that lay next his heart. He was,"
996,of La Mancha will give an insight into the meaning of Cervantes such as
996,"Don Quixote, however, seeing such a swarm of Moors and hearing such a"
996,"“Observe the landmarks well,” said Don Quixote, “for I will try not to"
996,"not, that the said knight wins the victory by the single might of his"
996,"girl), to-night, about an hour ago, more or less, we left the house,"
996,CHAPTER LV.
996,"with all its fittings and figures shivered and knocked to pieces, King"
996,"eyes, ever on the watch lest one of us should remain behind in"
996,for a token and memento of that unexampled adventure. The duchess said
996,"would say, and he, fixing his eyes on the fair Dorothea, addressed her"
996,"on a dappled grey steed, who has upon his head a helmet of gold?”"
996,ancient usage established and observed by knights-errant being to take
996,"They saw advancing towards them, to the sound of this pleasing music,"
996,"permission, lo and behold suddenly there came in through the door of"
996,QUIXOTE
996,drowned with the sound of the bells pealing in the towers of all the
996,"laughed not a little, and at which Sancho would have been no less out"
996,p74e.jpg (49K)
996,mischief and sack of knavery; go govern your house and dig your
996,"so unequal never brought happiness, nor did they continue long to"
996,"tell thee to wait for him wherever I may find thee, as he brings with"
996,it in God’s name without offering violence to anybody. As for fixed
996,"Here the lay of the heart-stricken Altisidora came to an end, while the"
996,fault of his if he has not given us what we want. What Hallam says of
996,"A VILLAGE OF LA MANCHA,"
996,portion a kingdom that in sober truth I have heard say is more than
996,"entered the city of the hundred gates, went very contentedly mounted on"
996,once without seeing the fooleries your worship is going to do; I’ll say
996,the height of the ardour and enthusiasm that fire and animate brave
996,questions Don Quixote addressed to them; and coming to the conclusion
996,in the heart of Sierra Morena.”
996,"Cervantes’ single laugh demolished, may be gathered from the words of"
996,"“Whence it arises,” he continued, “that when we see any person well"
996,"while with her right she shaded it to keep the light from her eyes,"
996,even though he may have acquitted himself somewhat awkwardly.
996,"haunted by the fear that there might be more Avellanedas in the field,"
996,"eagerness to engage in this adventure, arduous as it promises to be;"
996,"Arabic ‘Lord’—Sancho,” observed Don Quixote."
996,and raise myself up from this present death. I was not born to be a
996,"inasmuch as the said vanquished knight was bound, under the penalty of"
996,"measure astonished, and begged the curate to teach him that charm when"
996,"“Try the test I told thee of, Sancho,” said Don Quixote, “and don’t"
996,himself that two such lunatics as master and man the world had never
996,surpassed by any all my life. My parents left me in service and
996,"“I do not understand ‘going anywhere,’” said Don Quixote; “explain"
996,"gentleman, the author, for saying that my novels are more satirical"
996,may be followed without injury to anyone and with enjoyment to many;
996,like fetters; he then raised his shirt as well as he could and bared
996,A royal tree whose spreading boughs
996,"the sage Merlin were sounding in his ears, setting forth the conditions"
996,"one that is out of his wits and enchanted, as you have ventured to"
996,for thou wouldst spend it all in talking.”
996,"supposed therefore that they did not carry them, and he might regard it"
996,cannot but be judging by the strange things these shepherds have told
996,"wax, and I would rather pay that, for I know it will cost me less than"
996,world such an injury? Who can have robbed it of the beauty that
996,carried out the burlesque more happily. By keeping Dulcinea in the
996,His warmest admirers must admit that he is not a satisfactory
996,your favour and good-will your captive knight who stands there turned
996,"approve of marrying her to Basilio, who had not so large a share of the"
996,"I muse, O Love, upon thy cruelty,"
996,"hanging from the saddle-bow of my horse,” and getting up he came back"
996,in my way than defending provinces or kingdoms. Saint Peter is very
996,Lope de Rueda and his company set up their rude plank stage in the
996,p67e.jpg (55K)
996,try if absence would act with him as it is wont; and as everything
996,"herself on a chair at the head of the bed, and, after a deep sigh, said"
996,by what must be told farther on.
996,"Carolea,” “The Lion of Spain,” and “The Deeds of the Emperor,” written"
996,"life’ and ‘my soul,’ and his stay and prop—may and ought to whip"
996,"more, the damsel went on to say, “I am the daughter, sirs, of Pedro"
996,"follow out an idea which seemed to her such a good one, and should try"
996,"the viceroys who came there had sought her for a wife, but that she had"
996,"One of the muleteers in attendance, who could not have had much good"
996,OTHER DROLL ADVENTURES
996,himself for her and take all the trouble required for her
996,"Don Fernando should tell the servants of Don Luis who he was, and that"
996,energy with which Don Quixote was crossing himself; and if he was
996,"but time will pass, as I said before, and I will tell thee some of the"
996,WHICH DEALS WITH WHAT THE GOATHERD TOLD THOSE WHO WERE CARRYING OFF DON
996,"out in all its nakedness, without putting any more clothes on it than"
996,the other galleys did the same; and as he mounted the starboard ladder
996,and insure the success of the deception.
996,"that his clothes, though torn, convinced us, from the recollection we"
996,"farthing, and without suffering heat or cold, hunger or thirst; but we,"
996,patience gave way and the secret of my heart became known abroad. The
996,adventure.” By this he felt himself so inspired that he would not have
996,seized the same instant. Roque was in perplexity and knew not what to
996,"other world, and an unlucky moment when you met with Señor Montesinos,"
996,"so fine and thin that, if lips might be reeled, one might make a skein"
996,continued their journey.
996,knights of old took care to see that their squires were provided with
996,"hear that shepherd Ambrosio say the other day, in absence all ills are"
996,"bread and wine, but with delivering judgments and giving opinions and"
996,"“I know nothing about that,” said Sancho; “all I know is it will be my"
996,thou art?”
996,"Sancho had of telling his story, while Don Quixote was chafing with"
996,"that what I saw I cannot have seen, and that what happened me cannot"
996,"across the strings, began this ballad:"
996,Ingenious Gentleman Don Quixote of La Mancha: by the Licentiate Alonso
996,"if anyone offered to lay hold of him to whirl him about, he vowed to"
996,"blade appeared at his back, the unhappy man falling to the earth bathed"
996,"lady, and it is not to be supposed that so exalted a princess would"
996,"the flanks of that nimble parti-coloured zebra, and for arms bears"
996,with I know not what trinkets and jewels he gave me; but it was some
996,do I will do for thee; for I am a Catholic Christian and love to do
996,Gave me his defiance for it;
996,jurisdiction of the Holy Brotherhood. One of the officers to whom he
996,"calls ventures, though I can’t make out why he gives them that name."
996,"emperor, ‘and I shall give you no opportunity in future of again"
996,"it he would never have left it behind. Keep it safe, my friend, for"
996,with the first heedless step he will go down to visit the profundities
996,Full Size
996,"the essential point is that he receives them, let them come from"
996,an evil-minded clown has involved me?”
996,Full Size
996,"still further, said to him very humbly, “Calm yourself, sir, for by God"
996,they found in the fields which they knew and I know too.”
996,intending to end my life here; but as I was making my way among these
996,"with wounds; El Uchali, as you know, sirs, made his escape with his"
996,"unceasingly, lost in wonder at the adroitness of Camilla and the"
996,"hear them, for such is the sweetness of his voice that he enchants when"
996,"it be accompanied by practice. I, sirs, for my sins have studied canon"
996,wilt complain of thyself for having been the cause of her ruin and
996,"round him, waiting with open mouths for the decision to come from his,"
996,the toothpick with which he sallies out into the street after eating
996,"knights-errant being now no longer in vogue, and all books of chivalry"
996,choughs flew out of it so thick and so fast that they knocked Don
996,"him, and the tailor said, “Señor governor, this labourer and I come"
996,"across his ass, followed him, as has been said, and at length came up,"
996,"therefore made haste to reach the spot, and did so by the time those"
996,sawest her in the full perfection of her beauty; for the enchantment
996,"father had to the reputation of possessing a great number, and the"
996,Full Size
996,"fear, silence fell upon them, and a postillion, in the guise of a"
996,his hero’s madness is strictly confined to delusions on the subject of
996,"you to go a-begging for aphorisms from philosophers, precepts from Holy"
996,"three days to come; and as there is no one to see us, all the less will"
996,"of the men on horseback replied, “The persons in the coach are my lady"
996,"raise the curtain or the lattice a little and let him see me plainly,"
996,"Roncesvalles he slew Roland in spite of enchantments, availing himself"
996,"“Let not that trouble you, my lady,” said Leonela, “for it does not"
996,weeping she was so moved that she rose from my feet and ran to throw
996,girl.
996,flagrant injustice to their great friendship in seeking circuitous
996,until we got as far as five. He has just this moment come for them; I
996,"students carried, wrapped up in a piece of green buckram by way of a"
996,"Basilio, in whose protection as many more swords were in an instant"
996,"squires are to fight while their masters are fighting, I don’t mean to"
996,‘Don Quixote’ without understanding Spanish.” He has been also charged
996,what I have declared is true; else ye have to deal with me in combat.”
996,"we have lit upon, Sancho.”"
996,WHEREIN IS CONTINUED THE ADVENTURE OF THE KNIGHT OF THE GROVE
996,sufferers of their memory.”
996,"or not caring to answer him, allowed him to proceed, and he continued,"
996,"“Nothing, Señor Samson,” said she, “only that my master is breaking"
996,perhaps with even greater severity than I should have dealt out to them
996,"wilt turn the whole island upside down, a thing I might easily prevent"
996,"garden, but that before she went she would give us more money; and if"
996,"ingratitude; I say so because, sirs, ye have already seen by manifest"
996,live many years; for the foolishest thing a man can do in this life is
996,set forth; for you deny that there ever were Amadises of Gaul or of
996,sayings of Don Quixote and the humours of his squire Sancho Panza could
996,"returned in this pilgrim’s dress, in the company of some other German"
996,"unnatural beings, release instantly the highborn princesses whom you"
996,Full Size
996,they hastened to where he was still talking and arguing with his
996,"say it now once more, a knight-errant without a lady is like a tree"
996,"wisdom, and being wise thou canst not err in aught."
996,he made up his mind on the spot to demand the damsel in marriage of her
996,"book, as it is the child of my brain, were the fairest, gayest, and"
996,"counterfeit, and in joke—you might be content, I say, with giving them"
996,"like cowheels; they are boiled with chick-peas, onions, and bacon, and"
996,plot according to the laws of art will only find some half-dozen
996,"from, with this weight of years upon me and a urinary ailment that"
996,"sell him, and flurried by the great haste his master was in did not"
996,"love-sick princesses, squires made counts, droll dwarfs, love letters,"
996,not in so short a space have fabricated such a vast complication of
996,"cleanly that not to soil her face she carries her nose turned up, as"
996,"old or not, it’s with God I have to reckon, not with you, you"
996,"government, whereby all his plans were overthrown and swept away, as"
996,"basket; but I won’t repeat them, for ‘sage silence is called Sancho.’”"
996,OF WHAT PASSED BETWEEN DON QUIXOTE AND HIS SQUIRE SANCHO ON THE WAY TO
996,Dulcinea at the expense of Sancho’s backside; and finally he gave him
996,hast given thy father into the power of his enemies?”
996,"hard with the rash trader. Down went Rocinante, and over went his"
996,of Sancho Panza. It would have been strange indeed if he had not been
996,"“Don Quixote I am,” replied Don Quixote, “he whose profession it is to"
996,"basin but a helmet? Why, this is a thing that would astonish a whole"
996,"midges of the air, nor the grubs of the earth, nor the tadpoles of the"
996,"attended with such success, that by his gallant conduct and courage,"
996,"scholastic cut, without starch or lace, his buskins buff-coloured, and"
996,and I’ll serve you as an ass all the remaining days of my life. Forgive
996,"or inclination to go anywhere, as the saying is?”"
996,"not ignorant of my station, well dost thou know how I yielded wholly to"
996,"conversation, and to-morrow we will all accompany Señor Don Quixote;"
996,favour as an injury to themselves. But the one to whom my arrival gave
996,"    thee, as the distance is so short; all the more as I am thinking of"
996,"“It seems to me rather, Sancho,” said Don Quixote, “that thou wouldst"
996,"for he had already told them that he was mad, and as a madman he would"
996,"them up from his very bowels. They begged of him to explain himself,"
996,highwayman or other malefactor whose punishment fell within the
996,anything.”
996,have offered for letting his noble hosts see what the might of his
996,half a league.
996,"pig-sty than in a royal palace. They gave it very readily, and the"
996,"nerved myself as best I could and went in, for I well knew all the"
996,"her alone, for she is the greatest and most precious part of my soul.”"
996,"them, so long as it is good to eat, and I’ll be obliged to him, and"
996,"will never rise from till the end of the world, than another takes his"
996,fine.”
996,The canon was astonished at the methodical nonsense (if nonsense be
996,"To save me from the fate my truth entails,"
996,opposite side also there rises just such another cloud of dust.”
996,"told me, though not with as much earnestness and fervour as when he"
996,"from uttering a word, warning him at the same time that to attempt to"
996,"go on before them to find him, and give him his lady’s answer; for that"
996,the spoils of the first adventure will be good ones.”
996,and they must be cleared of all that stuff about the Castle of Fame and
996,the courier; “he who refused to fight your worship about marrying the
996,one of these little closed windows I saw a reed appear with a cloth
996,a question of precedence of beauty; and briefly told him what he had
996,"me, for be it ever so big I’ll be equal to governing it.”"
996,"farmer followed him with his eyes, and when he saw that he had cleared"
996,"came, a hand attached to some arm of some huge giant, that planted such"
996,"historian, Cid Hamete Benengeli, brought the Third to a conclusion."
996,"“You may safely hold in your mare, señor,” said Sancho in reply to"
996,"esteemed prudent and patient imitate Ulysses, in whose person and"
996,"“There is so much in what your worship says, señor governor,” said the"
996,"Or to the height of cruelty attains,"
996,"Don Quixote, who was listening to all this, said, “I give it;—moreover"
996,"trembling, at any rate I take my fill; and for my part, so long as I’m"
996,"“I never yet saw a squire,” said he of the Grove, “who ventured to"
996,What did she answer? How did she look when she was reading my letter?
996,"“Thou art right, Sancho,” said Don Quixote, “for this painter is like"
996,"Don Diego. Don Quixote then asked him how many children he had, and"
996,"houses, for it strikes me they are very mischievous.”"
996,"lions; he therefore sprang off his horse, flung his lance aside, braced"
996,to its own time; see if thou hast anything for us to eat in those
996,illustrations; others feel these woodcuts and steel engravings well
996,"(diferenciarse) from his brother, he took as a surname the name of the"
996,"over them, saying, “Who would have thought that such grand hopes as the"
996,right to knock at the gates of this castle; for it is plain enough that
996,from that which was causing him so much fear.
996,"    The dames in sables come to grace the scene,"
996,"“Señor, would your worship give me leave to speak a little to you? For"
996,there is no doubt whatever; but whether it is an island or not that he
996,you? Do you think I don’t guess and see the drift of these new
996,"and gold stuff, and under an open jacket or jerkin of the same she wore"
996,CHAPTER XVII IN WHICH
996,"“Who should it be,” said the barber, “but the famous Don Quixote of La"
996,Cato here who would counsel thee and be thy polestar and guide to
996,the chamber in which the head stood. Through the entire cavity in the
996,forthwith. They had not gone a quarter of a league when at the meeting
996,Panza to the ground half singed. By this time the bearded band of
996,"into the thicket in front of him, he began to raise a prodigious"
996,spacious court two fair damsels came forward and threw over Don
996,and such big ones that one might come to see them as a show and a
996,"opposed to all this, as well as the repeated advice of my parents, who"
996,"you were about, for they were only windmills? and no one could have"
996,of the countless drubbings that have fallen on thy ribs? Thou art mad;
996,discredit or dishonour of the loved object. Quiteria belonged to
996,"“Of the miserable,” answered Don Quixote."
996,loved as we love the souls that give us life; it is for the parents to
996,fling myself into the cavern of Cabra—an unparalleled and awful
996,"desire; such was the beauty of Luscinda, a damsel as noble and as rich"
996,"moment. Finding he could make nothing of him, the Dey sent him back to"
996,"is it reasonable that a man like your worship, so worthy, and with so"
996,"thy son Sancho Panza comes back to thee, if not very rich, very well"
996,"“Nevertheless,” replied Don Quixote, “I should like to know from each"
996,he had discovered them in the lining of the valise in which the novel
996,"“Speak with less impertinence, master thief of extra measure,” replied"
996,to marry this damsel?”
996,shall not surpass it or even come up to it; and in the meantime I will
996,"And if this be true, as it is, why should I now take the trouble to"
996,"appearance of an active habit, and he went along singing seguidillas to"
996,"of woman has ever touched, not even hers who has complete possession of"
996,"your worship, and blindfold yourself, for if I am to go on the croup,"
996,cold fare with him for many days past. This craving drove him to draw
996,"duennas of my lady, would never let them in, for most of them have a"
996,admirably. Now it came to pass that as soon as Sancho saw this
996,"all, together with Don Quixote and Sancho, advanced to receive her and"
996,"be those same persons; but that they are so in reality and in fact,"
996,"Anselmo, and in this way their inclinations kept pace one with the"
996,"body. But let us put that aside for the present, for we shall have"
996,"as yet I do not know her grace, and so I cannot call her by her name.”"
996,"everything except death, under whose yoke we have all to pass, whether"
996,"people dispersed, the duke and Don Quixote returned to the castle, they"
996,This like some holy relic do I prize
996,person whom fortune has raised from his original lowly state (these
996,"the whey began to run all over his face and beard, whereat he was so"
996,"contrary of what I expect, in the satisfaction of knowing that I have"
996,"lady the Duchess So-and-so, of I don’t know where; and the other To my"
996,"and Camilla’s may change perhaps between this and the appointed time,"
996,"its tongue out, as if it were in the act and attitude of braying; and"
996,"good behaviour, but do not think me so simple as to imagine you will"
